email,name,attributes
arjun.verma@gmail.com,"Amjhdsfkjsdhfkjrjun Verma","{""city"": ""Mumbai"", ""age"": 28, ""subscription"": ""premium""}"
sarah.jenkins@outlook.com,"Sarah Jenkins","{""job"": ""Designer"", ""tools"": [""Figma"", ""Adobe""]}"
dev.rahul@techcorp.in,"Rahul Gupta","{""stack"": ""Python"", ""experience"": 4, ""framework"": ""Frappe""}"
priya.sharma@university.edu,"Priya Sharma","{""major"": ""Engineering"", ""semester"": 2, ""status"": ""student""}"
lucas.m@startup.io,"Lucas Martin","{""role"": ""CTO"", ""timezone"": ""UTC-5"", ""verified"": true}"
emily.b@literature.org,"Emily Bronte","{""interest"": ""Poetry"", ""favorite_author"": ""John Donne""}"
vikram.singh@yahoo.co.in,"Vikram Singh","{""city"": ""Delhi"", ""newsletter"": ""daily_digest""}"
chen.wei@business.cn,"Wei Chen","{""department"": ""Sales"", ""region"": ""APAC""}"
alice.wonderland@dream.net,"Alice L.","{""status"": ""trial"", ""days_remaining"": 14}"
mohammed.ali@fitness.gym,"Mohammed Ali","{""membership"": ""gold"", ""last_visit"": ""2025-12-20""}"
karen.smith@family.net,"Karen Smith","{""children"": 2, ""hobbies"": ""Gardening""}"
david.bowie@mars.space,"David Jones","{""planet"": ""Mars"", ""persona"": ""Ziggy"", ""active"": false}"
sneha.r@design.studio,"Sneha Rao","{""style"": ""Watercolor"", ""commission_open"": true}"
robert.frost@poetry.club,"Robert Frost","{""theme"": ""Nature"", ""books"": 12}"
sysadmin@local.host,"System Admin","{""access"": ""root"", ""warnings"": 0}"
arjun.vehghgrma@gmail.com,"Amjhdsfkjsdhfkjrjun Verma","{""city"": ""Mumbai"", ""age"": 28, ""subscription"": ""premium""}"
arjun.verma@gmail.com,"Amjhdsfkjsddfhdkhfkjrjun Verma","{""city"": ""Mumbai"", ""age"": 28, ""subscription"": ""premium""}"
sarah.jenkins@outlook.com,"Sardsdah Jenkins","{""tools"": [""ksjdfglsj""]}"